Category,Item,Description,Priority,Status,Effort (Days),Risk Level,Dependencies
TESTING,Unit Test Framework,Set up Vitest with comprehensive test patterns,P0-Critical,Not Started,3,Critical,None
TESTING,Core Auth Tests,Unit tests for authentication flows (login/logout/signup/password reset),P0-Critical,Not Started,3,Critical,Unit Test Framework
TESTING,Permission System Tests,Tests for RBAC permission checks and role validation,P0-Critical,Partial (1 test file),2,Critical,Unit Test Framework
TESTING,Payment Flow Tests,Integration tests for Stripe checkout/subscription/webhook flows,P0-Critical,Not Started,4,Critical,Unit Test Framework
TESTING,Multi-Tenant Isolation Tests,Tests verifying organization data isolation (RLS policies),P0-Critical,Not Started,3,Critical,Unit Test Framework
TESTING,API Integration Tests,Tests for all Supabase edge functions,P1-High,Not Started,5,High,Unit Test Framework
TESTING,Component Tests,React Testing Library tests for critical UI components,P1-High,Not Started,8,High,Unit Test Framework
TESTING,E2E Test Suite,Playwright or Cypress for critical user journeys,P1-High,Not Started,10,High,None
TESTING,Performance Tests,Load testing and performance regression tests,P2-Medium,Not Started,5,Medium,E2E Test Suite
TESTING,Accessibility Tests,WCAG 2.1 compliance testing automation,P2-Medium,Not Started,4,Medium,E2E Test Suite
SECURITY,API Rate Limiting,Implement per-user and per-endpoint rate limits,P0-Critical,Not Started,3,Critical,None
SECURITY,2FA/MFA Implementation,Two-factor auth for admin/manager/owner accounts,P0-Critical,Not Started,5,Critical,Core Auth
SECURITY,Webhook Signature Verification,Validate Stripe and other webhook signatures,P0-Critical,Not Started,2,Critical,None
SECURITY,Input Validation Middleware,Server-side validation for all API inputs,P0-Critical,Not Started,4,High,None
SECURITY,Password Policy Enhancement,Enforce complexity requirements (uppercase/lowercase/number/special),P1-High,Not Started,1,High,None
SECURITY,Session Timeout Configuration,Configurable session timeouts by role,P1-High,Partial,1,Medium,None
SECURITY,API Key Management,Secure API key rotation and management system,P1-High,Not Started,3,High,None
SECURITY,File Upload Validation,Max size/type restrictions and malware scanning,P1-High,Not Started,3,High,None
SECURITY,SQL Injection Audit,Verify all queries use parameterized statements,P1-High,Likely OK (ORM),2,Medium,None
SECURITY,XSS Prevention Audit,Review and sanitize all user-generated content,P1-High,Partial,3,Medium,None
SECURITY,CORS Configuration Review,Restrict CORS to production domains only,P2-Medium,Partial,1,Medium,None
SECURITY,Secret Management,Move to Vault or AWS Secrets Manager,P2-Medium,Not Started,4,Medium,None
SECURITY,Security Headers Audit,Verify CSP/HSTS/X-Frame-Options in production,P2-Medium,Partial,1,Low,None
MONITORING,Error Tracking (Sentry),Implement Sentry for error monitoring and alerting,P0-Critical,Not Started,2,Critical,None
MONITORING,Structured Logging,JSON logging with request IDs and correlation,P0-Critical,Not Started,3,Critical,None
MONITORING,APM Integration,DataDog or New Relic for performance monitoring,P1-High,Not Started,3,High,None
MONITORING,Health Check Endpoints,Liveness/readiness probes for all services,P1-High,Not Started,1,High,None
MONITORING,Uptime Monitoring,External uptime monitoring with alerting,P1-High,Not Started,1,High,None
MONITORING,Database Query Monitoring,Track slow queries and connection pool usage,P1-High,Not Started,2,High,APM Integration
MONITORING,Real-time Alerting,PagerDuty/OpsGenie integration for incidents,P1-High,Not Started,2,High,Error Tracking
MONITORING,Custom Dashboards,Business and technical metrics dashboards,P2-Medium,Partial (Analytics),4,Medium,APM Integration
MONITORING,Log Aggregation,CloudWatch or ELK for centralized logging,P2-Medium,Not Started,3,Medium,Structured Logging
CORE_AUTH,OAuth Social Login,Complete Google/GitHub/Apple OAuth integration,P1-High,Partial,3,Medium,None
CORE_AUTH,Magic Link Login,Passwordless email-based authentication,P2-Medium,Not Started,2,Low,None
CORE_AUTH,Password Reset Flow Enhancement,Custom branded password reset emails,P2-Medium,Partial,1,Low,None
CORE_AUTH,Account Lockout Policy,Lock accounts after failed login attempts,P1-High,Not Started,2,High,None
CORE_AUTH,Login Audit Logging,Track all login attempts with IP/device info,P1-High,Not Started,2,High,Audit Trail
CORE_AUTH,Session Management UI,Allow users to view/revoke active sessions,P2-Medium,Not Started,3,Medium,None
CORE_AUTH,SSO/SAML Integration,Enterprise SSO for large gym chains,P3-Low,Not Started,8,Low,None
AUDIT_TRAIL,Real Audit Trail System,Replace mock audit data with actual event logging,P0-Critical,Not Started (Mock Only),5,Critical,None
AUDIT_TRAIL,User Action Logging,Log all create/update/delete operations,P0-Critical,Not Started,4,Critical,Real Audit Trail
AUDIT_TRAIL,Admin Action Tracking,Track all admin and privileged operations,P0-Critical,Not Started,3,Critical,Real Audit Trail
AUDIT_TRAIL,Data Access Logging,Log access to sensitive member/payment data,P1-High,Not Started,3,High,Real Audit Trail
AUDIT_TRAIL,Audit Log Search/Export,UI for searching and exporting audit logs,P1-High,Not Started,3,High,Real Audit Trail
AUDIT_TRAIL,Retention Policy,Configurable audit log retention periods,P2-Medium,Not Started,2,Medium,Real Audit Trail
COMPLIANCE,GDPR Data Export,Member data portability (download all data),P0-Critical,Not Started,5,Critical,None
COMPLIANCE,GDPR Right to Erasure,Complete data deletion workflow,P0-Critical,Not Started,5,Critical,None
COMPLIANCE,Consent Management,Track and manage marketing/data processing consent,P0-Critical,Not Started,4,Critical,None
COMPLIANCE,Privacy Policy Integration,Display and track privacy policy acceptance,P1-High,Not Started,2,High,None
COMPLIANCE,Terms of Service Integration,Display and track ToS acceptance,P1-High,Not Started,2,High,None
COMPLIANCE,CCPA Compliance,California privacy law opt-out mechanism,P1-High,Not Started,4,High,GDPR Features
COMPLIANCE,Data Processing Agreement,DPA template for enterprise customers,P1-High,Not Started,3,High,None
COMPLIANCE,Cookie Consent Banner,GDPR-compliant cookie consent,P1-High,Not Started,2,High,None
COMPLIANCE,Subprocessor List,Document all third-party data processors,P2-Medium,Not Started,1,Medium,None
COMPLIANCE,Data Retention Policy,Define and enforce data retention periods,P2-Medium,Not Started,3,Medium,None
COMPLIANCE,SOC 2 Preparation,Documentation and controls for SOC 2 audit,P3-Low,Not Started,20,Medium,All Security Items
BILLING,Failed Payment Retry Logic,Automated retry with exponential backoff,P1-High,Partial,2,High,None
BILLING,Payment Reconciliation,Stripe webhook verification and reconciliation,P1-High,Not Started,4,High,None
BILLING,Invoice PDF Generation,Downloadable invoice PDFs,P1-High,Partial,3,Medium,None
BILLING,Proration Handling,Mid-cycle plan changes with proration,P1-High,Partial,2,Medium,None
BILLING,Refund Processing,Complete refund workflow with audit trail,P1-High,Partial,3,High,Audit Trail
BILLING,ACH/Bank Transfer Support,Alternative payment methods,P2-Medium,Not Started,5,Low,Stripe
BILLING,International Payments,Multi-currency support,P2-Medium,Not Started,5,Low,Stripe
BILLING,Tax Calculation,Automatic tax calculation by region,P2-Medium,Not Started,4,Medium,None
BILLING,Dunning Management,Automated failed payment communication,P1-High,Not Started,3,High,None
BILLING,Revenue Recognition,Deferred revenue tracking,P3-Low,Not Started,5,Low,None
MEDIA,Image Upload Optimization,Resize/compress images on upload,P1-High,Partial,2,Medium,None
MEDIA,CDN Configuration,Cloudflare image resizing and caching,P1-High,Partial,2,Medium,None
MEDIA,Video Upload Support,Member video uploads for progress tracking,P2-Medium,Not Started,4,Low,None
MEDIA,File Size Limits,Enforce upload size limits per file type,P1-High,Not Started,1,High,None
MEDIA,Media Gallery Component,Reusable media browsing/selection,P2-Medium,Partial,3,Low,None
MEDIA,Image Lazy Loading,Optimize image loading performance,P2-Medium,Partial,2,Medium,None
STORAGE,Backup Verification,Automated backup restoration testing,P1-High,Not Started,3,High,None
STORAGE,PITR Configuration,Point-in-time recovery setup and testing,P1-High,Not Started,2,High,None
STORAGE,Multi-Region Replication,Database replication for enterprise tier,P3-Low,Not Started,8,Low,None
STORAGE,Data Export Automation,Scheduled data exports for compliance,P2-Medium,Not Started,3,Medium,None
STORAGE,Storage Quotas,Per-organization storage limits,P2-Medium,Not Started,2,Medium,None
STORAGE,Disaster Recovery Plan,Documented DR procedures with RTO/RPO,P1-High,Not Started,3,High,Backup Verification
DOCUMENTS,Document Template System,Customizable templates for waivers/contracts,P1-High,Partial,4,Medium,None
DOCUMENTS,E-Signature Integration,DocuSign or native e-signature,P1-High,Not Started,6,Medium,None
DOCUMENTS,Waiver Management,Digital waiver signing and storage,P1-High,Partial,3,Medium,E-Signature
DOCUMENTS,Document Version Control,Track changes to contracts/policies,P2-Medium,Not Started,3,Low,None
DOCUMENTS,PDF Generation,Generate contracts/reports as PDF,P1-High,Partial,3,Medium,None
DOCUMENTS,Document Search,Full-text search across documents,P2-Medium,Not Started,3,Low,None
CRM,Email Bounce Handling,Handle bounced emails and update status,P1-High,Not Started,2,High,Email Integration
CRM,Lead Source Tracking,Attribution tracking for marketing,P1-High,Partial,2,Medium,None
CRM,Lead Scoring System,Automated lead qualification scoring,P2-Medium,Partial,3,Low,None
CRM,Pipeline Analytics,Conversion funnel analytics,P1-High,Partial,2,Medium,None
CRM,Bulk Import Validation,Secure CSV import with validation,P1-High,Partial,3,High,None
CRM,Duplicate Detection,Detect and merge duplicate leads/members,P2-Medium,Not Started,4,Medium,None
CRM,CRM Export,Export leads/members to external systems,P2-Medium,Not Started,2,Medium,None
GPS,Geofencing Check-in,Location-based automatic check-in,P3-Low,Not Started,6,Low,Mobile App
GPS,Location Analytics,Member location/proximity analytics,P3-Low,Not Started,4,Low,Geofencing
GPS,Multi-Location Distance,Distance to nearest gym location,P3-Low,Not Started,3,Low,None
EMAIL,Transactional Email Service,SendGrid/Resend integration,P0-Critical,Partial (Ready),2,High,None
EMAIL,Email Template System,Customizable branded email templates,P1-High,Partial,4,Medium,Transactional Email
EMAIL,Bulk Email Campaigns,Mass email with scheduling,P1-High,Partial,4,Medium,Email Templates
EMAIL,Email Deliverability,SPF/DKIM/DMARC configuration,P1-High,Not Started,2,High,Email Service
EMAIL,Unsubscribe Management,CAN-SPAM compliant unsubscribe,P0-Critical,Not Started,2,Critical,Email Service
EMAIL,Email Analytics,Open/click tracking,P2-Medium,Not Started,3,Medium,Email Service
EMAIL,Email Queue Management,Reliable email queue with retry,P1-High,Not Started,3,High,Email Service
SMS,SMS Service Integration,Twilio/other SMS provider,P1-High,Partial (Ready),2,High,None
SMS,SMS Template System,Customizable SMS templates,P1-High,Partial,2,Medium,SMS Service
SMS,TCPA Compliance,SMS consent and opt-out handling,P0-Critical,Not Started,3,Critical,SMS Service
SMS,SMS Campaign Scheduling,Scheduled bulk SMS,P2-Medium,Not Started,3,Medium,SMS Templates
SMS,Two-Way SMS,Member SMS responses handling,P2-Medium,Not Started,4,Low,SMS Service
TEMPLATES,Email Template Builder,Drag-and-drop email builder,P2-Medium,Not Started,8,Low,Email Templates
TEMPLATES,Contract Templates,Customizable membership contracts,P1-High,Partial,3,Medium,Document System
TEMPLATES,Receipt Templates,Customizable payment receipts,P2-Medium,Partial,2,Low,PDF Generation
TEMPLATES,Report Templates,Customizable report layouts,P2-Medium,Not Started,4,Low,None
AUTOMATION,Workflow Engine,Rule-based automation triggers,P1-High,Not Started,10,Medium,None
AUTOMATION,Scheduled Tasks,Cron-based job scheduling,P1-High,Not Started,4,High,None
AUTOMATION,Drip Campaigns,Automated email sequences,P1-High,Not Started,6,Medium,Email Templates
AUTOMATION,Member Lifecycle Automation,Automated onboarding/renewal flows,P1-High,Not Started,5,Medium,Workflow Engine
AUTOMATION,Re-engagement Automation,Win-back campaigns for churned members,P2-Medium,Not Started,4,Medium,Drip Campaigns
AUTOMATION,Birthday/Anniversary Automation,Automated celebration messages,P2-Medium,Not Started,2,Low,Email/SMS
AI,AI Content Generation,Marketing content generation,P2-Medium,Partial (Edge Function),3,Low,None
AI,Churn Prediction,ML-based member churn prediction,P2-Medium,Not Started,8,Low,Analytics
AI,Revenue Forecasting,AI-powered revenue predictions,P2-Medium,Not Started,6,Low,Analytics
AI,Class Demand Prediction,Optimize class scheduling with AI,P2-Medium,Not Started,6,Low,Analytics
AI,Member Segmentation,AI-driven member clustering,P3-Low,Not Started,5,Low,Analytics
AI,Chatbot Integration,AI support chatbot,P3-Low,Not Started,10,Low,None
BLOG,Blog CMS,Full blog content management,P2-Medium,Partial,5,Low,None
BLOG,Blog Categories/Tags,Content organization,P2-Medium,Partial,2,Low,Blog CMS
BLOG,Blog SEO Optimization,Meta tags/schema for blog posts,P2-Medium,Partial,2,Low,Blog CMS
BLOG,Blog Analytics,Per-post view/engagement tracking,P3-Low,Not Started,3,Low,Blog CMS
BLOG,Blog Comments,Moderated comment system,P3-Low,Not Started,4,Low,Blog CMS
SEO,Sitemap Generation,Dynamic XML sitemap,P1-High,Complete,0,Low,None
SEO,Meta Tag Management,Dynamic meta tags per page,P1-High,Partial,2,Medium,None
SEO,Schema.org Markup,Structured data for all pages,P1-High,Partial,3,Medium,None
SEO,Open Graph Tags,Social sharing optimization,P2-Medium,Partial,2,Low,None
SEO,Canonical URLs,Proper canonical URL handling,P2-Medium,Not Started,2,Medium,None
SEO,301 Redirects Management,URL redirect configuration,P2-Medium,Partial,1,Low,None
SEO,Core Web Vitals,LCP/FID/CLS optimization,P1-High,Partial,5,Medium,None
SEO,Page Speed Optimization,Performance improvements for SEO,P1-High,Partial,4,Medium,None
PERFORMANCE,Bundle Size Monitoring,Track and alert on bundle size,P1-High,Partial,2,Medium,None
PERFORMANCE,Lighthouse CI,Automated performance testing,P1-High,Not Started,3,Medium,CI/CD
PERFORMANCE,Database Index Review,Optimize database indexes,P1-High,Not Started,3,High,None
PERFORMANCE,Query Performance Monitoring,N+1 detection and optimization,P1-High,Not Started,3,High,None
PERFORMANCE,CDN Configuration,Full CDN coverage for static assets,P1-High,Partial,2,Medium,None
PERFORMANCE,Code Splitting Review,Optimize chunk sizes (<250KB),P2-Medium,Partial,3,Medium,None
PERFORMANCE,Image Optimization,WebP conversion and lazy loading,P2-Medium,Partial,3,Medium,None
CICD,Automated Test Pipeline,Run tests on every PR,P0-Critical,Not Started,3,Critical,Testing Framework
CICD,Security Scanning,OWASP dependency scanning,P1-High,Not Started,2,High,None
CICD,Dependency Scanning,Snyk or similar for vulnerabilities,P1-High,Not Started,2,High,None
CICD,Branch Protection,Require PR reviews and passing tests,P1-High,Not Started,1,High,None
CICD,Staging Environment,Separate staging for testing,P1-High,Not Started,3,High,None
CICD,Automated Rollback,Rollback on deployment failure,P1-High,Not Started,3,High,None
CICD,Smoke Tests,Post-deployment verification,P1-High,Not Started,2,High,E2E Tests
CICD,Feature Flags,LaunchDarkly or similar,P2-Medium,Not Started,4,Medium,None
CICD,Release Notes Automation,Auto-generate release notes,P3-Low,Not Started,2,Low,None
ERROR_HANDLING,Global Error Boundary,Catch and report React errors,P1-High,Partial,2,High,Error Tracking
ERROR_HANDLING,API Error Standardization,Consistent error response format,P1-High,Not Started,2,High,None
ERROR_HANDLING,Retry Logic,Exponential backoff for transient failures,P1-High,Not Started,3,High,None
ERROR_HANDLING,Circuit Breaker Pattern,Prevent cascade failures,P2-Medium,Not Started,4,Medium,None
ERROR_HANDLING,Graceful Degradation,Fallback for failed services,P2-Medium,Not Started,4,Medium,None
ERROR_HANDLING,Error Recovery Flows,User-friendly error recovery,P2-Medium,Not Started,3,Medium,None
MOBILE,PWA Offline Support,Full offline capability,P1-High,Partial,6,Medium,None
MOBILE,Push Notifications,Mobile push notification support,P1-High,Not Started,4,Medium,None
MOBILE,Background Sync,Sync data when back online,P2-Medium,Not Started,4,Medium,PWA Offline
MOBILE,App Store Deployment,PWA install optimization,P2-Medium,Partial,2,Low,None
MOBILE,Native Mobile App,iOS/Android native apps,P3-Low,Not Started,60,Low,None
INTEGRATIONS,Mailchimp Integration,Marketing automation sync,P2-Medium,Not Started,4,Low,None
INTEGRATIONS,QuickBooks Integration,Accounting sync,P2-Medium,Not Started,6,Low,None
INTEGRATIONS,ClassPass Integration,Third-party booking platform,P2-Medium,Not Started,8,Low,None
INTEGRATIONS,Gympass Integration,Corporate wellness platform,P2-Medium,Not Started,8,Low,None
INTEGRATIONS,Google Calendar Sync,Two-way calendar sync,P1-High,Not Started,5,Medium,None
INTEGRATIONS,Zoom Integration,Virtual class integration,P2-Medium,Not Started,4,Low,None
INTEGRATIONS,Zapier Webhooks,Webhook triggers for Zapier,P2-Medium,Partial,3,Low,None
INTEGRATIONS,API Documentation,Auto-generated API docs,P1-High,Not Started,4,Medium,None
INTEGRATIONS,SDK Development,JavaScript/Python SDKs,P3-Low,Not Started,10,Low,API Documentation
ENTERPRISE,White-Label Customization,Custom branding per organization,P1-High,Partial,5,Medium,None
ENTERPRISE,Custom Domain SSL,Automated SSL for custom domains,P1-High,Complete,0,Low,None
ENTERPRISE,Corporate Account Management,B2B gym membership handling,P2-Medium,Partial,5,Low,None
ENTERPRISE,API Access Tiers,Rate limits by subscription tier,P2-Medium,Not Started,3,Medium,Rate Limiting
ENTERPRISE,Data Isolation Verification,Penetration test multi-tenant isolation,P1-High,Not Started,5,High,None
ENTERPRISE,SLA Monitoring,Track and report on SLA compliance,P2-Medium,Not Started,4,Medium,Monitoring
ENTERPRISE,Enterprise Support Ticketing,Priority support system,P2-Medium,Partial,3,Low,None
DOCUMENTATION,API Reference Docs,Complete API documentation,P1-High,Not Started,5,Medium,None
DOCUMENTATION,User Guide,End-user documentation,P2-Medium,Not Started,8,Low,None
DOCUMENTATION,Admin Guide,Administrator documentation,P2-Medium,Not Started,6,Low,None
DOCUMENTATION,Integration Guides,Third-party integration docs,P2-Medium,Not Started,5,Low,None
DOCUMENTATION,Developer Onboarding,New developer setup guide,P1-High,Partial (CLAUDE.md),2,Medium,None
DOCUMENTATION,Runbook,Operations runbook for incidents,P1-High,Not Started,4,High,None
DOCUMENTATION,Architecture Decision Records,Document key technical decisions,P2-Medium,Not Started,3,Low,None
